Богатый папа, бедный папа:Роберт Кийосаки:Попурри:2001
Богатый папа, бедный папа:Роберт Кийосаки:Попурри:2002
Богатый папа, бедный папа:Роберт Кийосаки:Попурри:2003
Богатый папа, бедный папа:Роберт Кийосаки:Попурри:2004
Богатый папа, бедный папа:Роберт Кийосаки:Попурри:2005
Богатый папа, бедный папа:Роберт Кийосаки:Попурри:2006
Богатый папа, бедный папа:Роберт Кийосаки:Попурри:2007
Богатый папа, бедный папа:Роберт Кийосаки:Попурри:2008
Богатый папа, бедный папа:Роберт Кийосаки:Попурри:2009
Богатый папа, бедный папа:Роберт Кийосаки:Попурри:2010
Богатый папа, бедный папа:Роберт Кийосаки:Попурри:2011
Название:Автор:Издатель:2021:c\Название.txt
title:author:publisher:2001
111:222:333:2010
